{
  "project_info": {
    "project_number": "395825343180",
    "project_id": "grocerylist-9f58f",
    "storage_bucket": "grocerylist-9f58f.appspot.com"
  },
  "client": [
    {
      "client_info": {
        "mobilesdk_app_id": "1:395825343180:android:f045f916cd17d9da66b069",
        "android_client_info": {
          "package_name": "com.example.grocerylist"
        }
      },
      "oauth_client": [
        {
          "client_id": "395825343180-d1esjpcajd0vhbkp6vv5c1ev810d67ct.apps.googleusercontent.com",
          "client_type": 3
        }
      ],
      "api_key": [
        {
          "current_key": "AIzaSyCDx-nWVLdIS0H3fIDWtLTU60dfG8XBvQI"
        }
      ],
      "services": {
        "appinvite_service": {
          "other_platform_oauth_client": [
            {
              "client_id": "395825343180-d1esjpcajd0vhbkp6vv5c1ev810d67ct.apps.googleusercontent.com",
              "client_type": 3
            }
          ]
        }
      }
    }
  ],
  "configuration_version": "1"
}